*NSYNC,Bye Bye Bye,Pop,2000s,2000,"Just dance, Rage on",,Easy,Baritone
2Pac,California Love (feat. Roger Troutman and Dr. Dre),Rap/Hip hop,90s,1995,"Swagger, Just dance",,Medium,Bass
3 Doors Down,Kryptonite,Pop,90s,1999,Rage on,,Medium,Baritone
4 Non Blondes,What’s Up?,Pop,90s,1992,"Swagger, Bare your soul, Rage on",,Easy,Alto
a-ha,Take on Me,Pop,80s,1985,"Get happy, Just dance",,Hard,Tenor
Aaliyah,Are You That Somebody,R and B,90s,1998,"Swagger, Just dance",,Hard,Mezzo
ABBA,Dancing Queen,Pop,70s,1976,"Just dance, Get happy",,Easy,Mezzo
ABBA,I Have A Dream,Rock,70s,1979,Get happy,Group,Easy,Mezzo
ABBA,The Winner Takes It All,Pop,80s,1981,Bare your soul,,Medium,Mezzo
ABBA,Mamma Mia,Stage and Screen,70s,1975,"Get happy, Just dance",,Medium,Mezzo
AC/DC,Highway to Hell,Rock,70s,1979,"Rage on, Swagger",,Medium,Baritone
Adele,Someone Like You,Pop,2010s and beyond,2011,Bare your soul,,Hard,Mezzo
Adele,Rolling in the Deep,Pop,2010s and beyond,2011,"Bare your soul, Rage on",,Hard,Mezzo
Adele,Skyfall,Pop,2010s and beyond,2012,Bare your soul,,Medium,Mezzo
Aerosmith,Cryin’,Rock,90s,1992,"Rage on, Bare your soul",,Medium,Tenor
Aerosmith,Dream On,Rock,70s,1973,Bare your soul,,Hard,Tenor
Al Green,Let’s Stay Together,R and B,70s,1971,"Get happy, Bare your soul",,Hard,Tenor
Alanis Morissette,You Oughta Know,Pop,90s,1995,"Rage on, Swagger",,Medium,Alto
Alicia Keys,If I Ain’t Got You,R and B,2000s,2003,"Get happy, Bare your soul",,Hard,Mezzo
Amy Winehouse,You Know I’m No Good,R and B,2000s,2006,Swagger,,Easy,Alto
Amy Winehouse,Back To Black,Pop,2000s,2006,Bare your soul,,Medium,Alto
Amy Winehouse,Rehab,R and B,2000s,2006,Just dance,,Easy,Mezzo
Annie Lennox,No More I Love You’s,Pop,90s,1995,Bare your soul,,Medium,Mezzo
Aqua,Barbie Girl,Pop,90s,1997,"Just dance, Get happy",Duet,Easy,Soprano
Aretha Franklin,(You Make Me Feel Like) A Natural Woman,R and B,60s and earlier,1968,"Swagger, Get happy",,Medium,Soprano
Aretha Franklin,Respect,Pop,60s and earlier,1967,"Swagger, Get happy",,Hard,Soprano
Aretha Franklin,Chain of Fools,R and B,60s and earlier,1968,Swagger,,Medium,Mezzo
Audioslave,Like a Stone,Rock,2000s,2002,"Rage on, Bare your soul",,Easy,Tenor
Auli’i Cravalho (Children’s),How Far I’ll Go,Stage and Screen,2010s and beyond,2016,"Bare your soul, Swagger",,Medium,Soprano
Avril Lavigne,I’m with You,Rock,2000s,2002,Bare your soul,,Medium,Soprano
Avril Lavigne,Sk8er Boi,Rock,2000s,2002,"Swagger, Rage on",,Medium,Mezzo
Avril Lavigne,My Happy Ending,Rock,2000s,2004,Rage on,,Medium,Soprano
AWOLNATION,Sail,Rock,2010s and beyond,2010,Rage on,,Medium,Tenor
Backstreet Boys,I Want It That Way,Pop,2010s and beyond,2011,Get happy,,Easy,Baritone
Barbara Lynn,You’ll Lose A Good Thing,R and B,60s and earlier,1962,"Swagger, Bare your soul",,Easy,Mezzo
Barbra Streisand,The Way We Were,Pop,70s,1973,Bare your soul,,Hard,Mezzo
Barry White,"Can’t Get Enough Of Your Love, Babe",R and B,70s,1974,"Just dance, Get happy",,Medium,Bass
Barry White,"Never, Never Gonna Give Ya Up",R and B,70s,1973,"Just dance, Get happy",,Medium,Bass
Barry White,"You’re The First, The Last, My Everything",Pop,70s,1974,"Get happy, Just dance",,Medium,Baritone
Becky G,Becky from the Block,Pop,2010s and beyond,2013,"Swagger, Just dance",,Hard,Alto
Bell Biv DeVoe,Poison,R and B,90s,1990,"Just dance, Swagger",,Easy,Baritone
Ben E. King,Stand By Me,R and B,60s and earlier,1961,Get happy,,Easy,Baritone
Ben Platt and Original Broadway Cast of Dear Evan Hansen,Waving Through A Window,Stage and Screen,2010s and beyond,2016,Bare your soul,,Hard,Tenor
Benjamin Bratt (Children’s),Remember Me (From Coco),Stage and Screen,2010s and beyond,2017,Bare your soul,,Hard,Tenor
Beyoncé,Halo,R and B,2000s,2008,Bare your soul,,Hard,Soprano
Beyoncé,Drunk In Love,R and B,2010s and beyond,2013,Swagger,,Hard,Soprano
Beyoncé,Irreplaceable,R and B,2000s,2006,"Rage on, Swagger",,Hard,Soprano
Big Brother and The Holding Company and Janis Joplin,Piece of My Heart,Rock,60s and earlier,1968,Rage on,,Easy,Mezzo
Bill Medley and Jennifer Warnes,(I’ve Had) The Time Of My Life (From Dirty Dancing Soundtrack),Stage and Screen,80s,1987,"Just dance, Get happy",Duet,Easy,"Mezzo, Baritone"
Bill Withers,Lean on Me,R and B,70s,1972,Get happy,,Easy,Bass
Bill Withers,Ain’t No Sunshine,R and B,70s,1971,Bare your soul,,Easy,Baritone
Billie Eilish and Justin Bieber,Bad Guy,Rock,2010s and beyond,2019,"Swagger, Just dance",Duet,Easy,"Mezzo, Baritone"
Billy Idol,Rebel Yell,Rock,80s,1984,Just dance,,Medium,Tenor
Billy Joel,Uptown Girl,Pop,80s,1983,Get happy,,Medium,Baritone
Billy Joel,She’s Always a Woman,Pop,70s,1977,Bare your soul,,Hard,Tenor
Billy Joel,Piano Man,Pop,70s,1973,Bare your soul,,Easy,Baritone
Bishop Briggs,River,Pop,2010s and beyond,2016,Rage on,,Medium,Alto
Blackstreet,No Diggity (feat. Dr. Dre and Queen Pen),R and B,90s,1996,"Swagger, Just dance",Group,Easy,Bass
Blondie,One Way Or Another,Rock,70s,1978,Swagger,,Medium,Alto
Blondie,Heart Of Glass,Rock,70s,1978,"Just dance, Get happy",,Medium,Soprano
Bob Dylan,Maggie’s Farm,Pop,60s and earlier,1965,"Swagger, Get happy",,Easy,Bass
Bon Jovi,Livin’ On A Prayer,Rock,80s,1986,Get happy,,Hard,Tenor
Bon Jovi,It’s My Life,Pop,2000s,2000,"Swagger, Rage on",,Medium,Tenor
Bonnie Raitt,Something To Talk About,Rock,90s,1991,"Bare your soul, Get happy",,Easy,Alto
Bonnie Tyler,Total Eclipse of the Heart,Pop,80s,1983,Bare your soul,,Medium,Mezzo
Boyz II Men,End Of The Road,R and B,2000s,2007,Bare your soul,,Hard,Tenor
Brandy and Monica,The Boy Is Mine,Pop,90s,1998,Bare your soul,Duet,Medium,Alto
Britney Spears,Toxic,Pop,2000s,2003,"Just dance, Swagger",,Hard,Soprano
Britney Spears,Sometimes,Pop,90s,1999,Get happy,,Easy,Mezzo
Britney Spears,...Baby One More Time,Pop,90s,1999,"Just dance, Bare your soul",,Easy,Alto
Britney Spears,Stronger,Pop,2000s,2000,"Swagger, Just dance",,Medium,Mezzo
Bruce Springsteen,Dancing In the Dark,Rock,80s,1984,Just dance,,Medium,Baritone
Bruce Springsteen,Hungry Heart,Rock,80s,1980,Get happy,,Easy,Baritone
Bruno Mars,Grenade,R and B,2010s and beyond,2010,"Rage on, Bare your soul",,Hard,Tenor
Bruno Mars,Just the Way You Are,R and B,2010s and beyond,2010,"Get happy, Just dance",,Medium,Tenor
Bruno Mars,24K Magic,Pop,2010s and beyond,2016,"Get happy, Just dance, Swagger",,Hard,Tenor
BTS,Dynamite,Pop,2010s and beyond,2020,"Just dance, Get happy, Swagger",,Hard,Baritone
Burt Bacharach,I Say A Little Prayer (feat. Dionne Warwick),Pop,60s and earlier,1967,Get happy,,Hard,Soprano
CAKE,The Distance,Rock,90s,1996,"Get happy, Rage on",,Medium,Bass
Calvin Harris,Feel So Close,Dance,2010s and beyond,2011,"Just dance, Get happy",,Easy,Bass
Carly Rae Jepsen,Call Me Maybe,Pop,2010s and beyond,2012,"Just dance, Get happy",,Medium,Mezzo
Carly Simon,You’re so Vain,Pop,70s,1972,Rage on,,Easy,Mezzo
Carole King,I Feel The Earth Move,Pop,70s,1971,Swagger,,Easy,Mezzo
"Carolina Gaitán, Mauro Castillo, Adassa, Rhenzy Feliz, Diane Guerrero, and Stephanie Beatriz",We Don’t Talk About Bruno (from Encanto),Stage and Screen,2010s and beyond,2021,"Swagger, Just dance",,Easy,Mezzo
Carrie Underwood,Before He Cheats,Country,2000s,2005,Rage on,,Medium,Alto
CeeLo Green,Forget You,R and B,2010s and beyond,2011,"Rage on, Just dance, Swagger",,Medium,Tenor
Céline Dion,It’s All Coming Back to Me Now,Pop,90s,1996,Bare your soul,,Hard,Soprano
Céline Dion,My Heart Will Go On (from Titanic),Stage and Screen,90s,1997,Bare your soul,,Hard,Soprano
Céline Dion and Peabo Bryson,Beauty and the Beast (from Beauty and the Beast),Stage and Screen,90s,1992,Bare your soul,Duet,Hard,"Soprano, Tenor"
Chaka Khan,I’m Every Woman,Rock,70s,1979,"Just dance, Swagger",,Hard,Soprano
Cheap Trick,I Want You to Want Me,Rock,70s,1977,Just dance,,Easy,Baritone
Cher,Believe,Pop,90s,1998,Just dance,,Medium,Mezzo
Cher,If I Could Turn Back Time,Pop,80s,1989,"Just dance, Bare your soul",,Medium,Mezzo
Chicago,You’re the Inspiration,Pop,80s,1983,Get happy,,Medium,Tenor
Chris Isaak,Wicked Game,Rock,80s,1989,Bare your soul,,Medium,Bass
Christina Aguilera,Ain’t No Other Man,Pop,2000s,2006,"Just dance, Get happy",,Hard,Soprano
Christina Aguilera,Beautiful,Pop,2000s,2002,Bare your soul,,Hard,Alto
Coldplay,Viva La Vida,Pop,2000s,2008,Bare your soul,,Medium,Bass
Coldplay,Yellow,Pop,90s,1999,Bare your soul,,Easy,Tenor
Coolio,Gangsta’s Paradise (feat. L.V.),Rap/Hip hop,90s,1995,Swagger,,Hard,Bass
Creedence Clearwater Revival,Bad Moon Rising,Rock,60s and earlier,1969,Rage on,,Easy,Tenor
Cyndi Lauper,Time After Time ,Pop,80s,1984,Get happy,,Medium,Soprano
Danny Elfman,This is Halloween,Stage and Screen,80s,1983,Get happy,Group,Hard,Bass
David Bowie,Modern Love,Rock,80s,1983,"Just dance, Get happy",,Medium,Baritone
David Bowie,Under Pressure,Rock,80s,1982,Get happy,,Medium,Baritone
Def Leppard,Pour Some Sugar On Me,Rock,80s,1987,Swagger,,Medium,Baritone
Deniece Williams,Let’s Hear It for the Boy (From Footloose Original Soundtrack),Stage and Screen,80s,1984,"Just dance, Swagger",,Medium,Mezzo
Depeche Mode,People Are People,Pop,80s,1984,Just dance,,Easy,Bass
Depeche Mode,Policy Of Truth,Pop,80s,1989,"Just dance, Bare your soul",,Easy,Bass
Destiny’s Child,Say My Name,R and B,90s,1999,Swagger,Group,Hard,Mezzo
Destiny’s Child,Survivor,R and B,2000s,2000,Rage on,,Medium,Alto
Diana Ross,I’m Coming Out,Pop,80s,1980,"Get happy, Just dance",,Medium,Soprano
Diana Ross and Lionel Richie,Endless Love (From The Endless Love Soundtrack),Stage and Screen,2000s,2006,Bare your soul,Duet,Hard,"Mezzo, Baritone"
Dolly Parton,Jolene,Country,70s,1974,Bare your soul,,Easy,Soprano
Dolly Parton and Kenny Rogers,Islands In The Stream,Pop,80s,1984,Get happy,Duet,Medium,"Mezzo, Baritone"
Donny Osmond and Chorus - Mulan,I’ll Make a Man Out of You (From Mulan),Stage and Screen,90s,1998,Swagger,,Medium,Baritone
Dr. Dre,Forgot About Dre (feat. Eminem),Rap/Hip hop,90s,1999,"Swagger, Rage on",Duet,Hard,Bass
Dua Lipa,Levitating (feat. DaBaby),Pop,2010s and beyond,2020,"Just dance, Get happy",Duet,Medium,Mezzo
Dua Lipa,New Rules,Pop,2010s and beyond,2017,Just dance,,Medium,Alto
Dua Lipa,IDGAF,Pop,2010s and beyond,2017,"Rage on, Swagger",,Medium,Alto
Dusty Springfield,Son of a Preacher Man,R and B,60s and earlier,1965,Swagger,,Easy,Soprano
Eagles,Take It Easy,Rock,70s,1972,"Bare your soul, Get happy",,Easy,Baritone
Ed Sheeran,Shape of You,Pop,2010s and beyond,2017,"Just dance, Get happy",,Easy,Baritone
Ed Sheeran,Perfect Duet (feat. Beyoncé),Pop,2010s and beyond,2017,Bare your soul,Duet,Medium,"Mezzo, Baritone"
Ed Sheeran,Shivers,Pop,2010s and beyond,2021,Just dance,,Easy,Baritone
Ella Fitzgerald and Louis Armstrong,Dream A Little Dream Of Me,Jazz,60s and earlier,1950,"Get happy, Swagger",Duet,Medium,"Alto, Bass"
Elton John,Your Song,Pop,70s,1970,Bare your soul,,Easy,Baritone
Elton John and Kiki Dee,Don’t Go Breaking My Heart,Pop,70s,1973,"Get happy, Just dance",Duet,Medium,"Soprano, Tenor"
Elvis Presley,Can’t Help Falling In Love,Rock,80s,1987,Bare your soul,,Easy,Bass
Elvis Presley,Jailhouse Rock,Pop,60s and earlier,1957,"Get happy, Just dance, Swagger",,Easy,Bass
Elvis Presley,Hound Dog,Rock,60s and earlier,1956,"Just dance, Rage on",,Easy,Bass
Elvis Presley,Suspicious Minds,Rock,60s and earlier,1969,Bare your soul,,Easy,Bass
Eminem,Lose Yourself (From 8 Mile Soundtrack),Stage and Screen,2000s,2002,"Swagger, Rage on",,Hard,Tenor
Eminem,Love The Way You Lie (feat. Rihanna),Rap/Hip hop,2010s and beyond,2010,Rage on,Duet,Hard,"Mezzo, Baritone"
Enrique Iglesias,Hero,Latin,2000s,2001,Bare your soul,,Easy,Baritone
Erasure,A Little Respect,Pop,80s,1988,"Bare your soul, Just dance",,Medium,Tenor
Etta James,At Last,R and B,60s and earlier,1961,Bare your soul,,Hard,Soprano
Etta James,I’d Rather Go Blind,R and B,60s and earlier,1967,Bare your soul,,Medium,Mezzo
"Eurythmics, Annie Lennox and Dave Stewart",Sweet Dreams (Are Made of This),Rock,80s,1983,Just dance,,Easy,Mezzo
Evanescence,Bring Me To Life,Rock,2000s,2003,"Bare your soul, Rage on",,Medium,Soprano
Extreme,More Than Words,Rock,90s,1990,Bare your soul,,Medium,Tenor
Faith Hill,This Kiss,Pop,90s,1998,Get happy,,Easy,Mezzo
Fergie,Fergalicious (feat. will.i.am),R and B,2000s,2006,"Just dance, Swagger",,Easy,Mezzo
Fiona Apple,Criminal,Pop,90s,1996,"Rage on, Bare your soul",,Hard,Alto
Fleetwood Mac,Landslide,Pop,70s,1975,Bare your soul,,Easy,Alto
Fleetwood Mac,Dreams,Pop,70s,1977,Bare your soul,,Easy,Alto
Flo Rida,My House,Rap/Hip hop,2010s and beyond,2015,Get happy,,Easy,Bass
Florence + The Machine,Dog Days Are Over,Pop,2000s,2009,Bare your soul,,Hard,Mezzo
Four Tops,Baby I Need Your Loving,R and B,60s and earlier,1964,Get happy,Group,Medium,Baritone
Frank Sinatra,My Way,Jazz,60s and earlier,1968,"Swagger, Get happy",,Medium,Bass
Frank Sinatra,Fly Me To The Moon,Jazz,60s and earlier,1964,"Bare your soul, Get happy",,Hard,Bass
Frank Sinatra and Nancy Sinatra,Somethin’ Stupid,Pop,60s and earlier,1967,Get happy,Duet,Easy,"Alto, Bass"
Frankie Valli,Can’t Take My Eyes off You,Pop,60s and earlier,1967,Get happy,,Easy,Tenor
Fred Astaire,Puttin’ On The Ritz,Stage and Screen,60s and earlier,1952,Get happy,,Medium,Baritone
Fugees and Ms. Lauryn Hill,Killing Me Softly with His Song,Rap/Hip hop,90s,1996,"Swagger, Bare your soul",,Easy,Mezzo
Garbage,Only Happy When It Rains,Pop,90s,1995,Rage on,,Medium,Mezzo
George Michael,Careless Whisper,R and B,80s,1984,Bare your soul,,Easy,Baritone
George Michael,Faith,R and B,80s,1987,Get happy,,Medium,Baritone
George Michael,One More Try,Pop,80s,1987,Bare your soul,,Hard,Tenor
George Michael,Freedom! ’90 ,Pop,90s,1990,"Get happy, Just dance, Swagger",,Easy,Baritone
Gin Blossoms,Hey Jealousy,Rock,90s,1995,Bare your soul,,Easy,Baritone
Ginuwine,Pony,R and B,90s,1996,Swagger,,Medium,Tenor
Gladys Knight and The Pips,Midnight Train To Georgia,R and B,70s,1973,Bare your soul,,Hard,Mezzo
Glee Cast,It Must Have Been Love (Glee Cast Version),Stage and Screen,2010s and beyond,2015,Bare your soul,Duet,Medium,"Mezzo, Baritone"
Gloria Estefan,Here We Are,Pop,80s,1989,Bare your soul,,Hard,Mezzo
Gloria Gaynor,I Will Survive,R and B,70s,1979,"Swagger, Just dance, Get happy",,Easy,Mezzo
Gotye,Somebody That I Used To Know (Tiesto Remix),Dance,2010s and beyond,2012,"Just dance, Rage on, Bare your soul",,Medium,Tenor
Green Day,Boulevard of Broken Dreams,Rock,2000s,2004,"Bare your soul, Rage on",,Easy,Bass
Green Day,American Idiot,Rock,2000s,2004,Rage on,,Easy,Baritone
Guns N’ Roses,Sweet Child O’ Mine,Rock,80s,1987,Get happy,,Hard,Tenor
Guns N’ Roses,Don’t Cry,Pop,90s,1991,"Bare your soul, Rage on",,Hard,Tenor
Heart,Alone,Rock,80s,1987,"Bare your soul, Rage on",,Medium,Soprano
"High School Musical Cast, Vanessa Hudgens and Zac Efron",Can I Have This Dance,Pop,2000s,2008,"Bare your soul, Get happy",Duet,Medium,"Mezzo, Baritone"
Hilary Duff,So Yesterday,Pop,2000s,2003,"Rage on, Swagger",,Easy,Alto
Howie Day,Collide,Rock,2000s,2003,Bare your soul,,Easy,Bass
Hozier,Take Me to Church,Rock,2010s and beyond,2013,"Rage on, Bare your soul",,Medium,Bass
Huey Lewis And The News,The Power Of Love,Pop,80s,1985,"Swagger, Get happy",,Medium,Baritone
Icona Pop,I Love It (feat. Charli XCX),Dance,2010s and beyond,2012,"Rage on, Just dance",,Medium,Soprano
Incubus,Drive,Rock,90s,1999,Bare your soul,,Easy,Baritone
INXS,Never Tear Us Apart,Pop,80s,1987,Bare your soul,,Easy,Baritone
INXS,Need You Tonight,Pop,80s,1987,Just dance,,Medium,Bass
James Taylor,You’ve Got A Friend,Rock,70s,1971,Bare your soul,,Easy,Bass
Janet Jackson,All For You,R and B,2000s,2001,Just dance,,Medium,Mezzo
Janet Jackson,Escapade,Pop,80s,1989,"Just dance, Get happy",,Medium,Soprano
Janis Joplin,Move Over,Pop,70s,1970,"Rage on, Swagger",,Medium,Alto
Jason Derulo,Talk Dirty (feat. 2 Chainz),Pop,2010s and beyond,2013,"Swagger, Just dance",,Medium,Tenor
Jason Mraz,Lucky,Pop,2000s,2008,"Get happy, Bare your soul",Duet,Medium,"Soprano, Tenor"
Jefferson Airplane,White Rabbit,Rock,60s and earlier,1967,"Rage on, Bare your soul",,Hard,Soprano
Jennifer Lopez,Love Don’t Cost A Thing,Pop,2000s,2001,"Just dance, Swagger",,Medium,Mezzo
Jennifer Lopez,Waiting For Tonight,Pop,90s,1999,Just dance,,Medium,Soprano
Jennifer Lopez,Let’s Get Loud,Dance,90s,1999,Just dance,,Medium,Mezzo
Jerry Lee Lewis,Great Balls Of Fire,Rock,60s and earlier,1957,"Get happy, Just dance",,Medium,Baritone
"Jessie J, Ariana Grande and Nicki Minaj",Bang Bang,Pop,2010s and beyond,2014,Swagger,Duet,Medium,Soprano
Jimmy Eat World,The Middle,Rock,2000s,2001,Get happy,,Easy,Baritone
Joan Jett And The Blackhearts,I Love Rock ’N Roll,Rock,80s,1981,Swagger,,Easy,Mezzo
Joan Jett And The Blackhearts,Bad Reputation,Pop,80s,1981,"Swagger, Rage on",,Easy,Mezzo
Jodi Benson,Part of Your World (From The Little Mermaid),Stage and Screen,80s,1989,Bare your soul,,Medium,Soprano
John Legend,All of Me,R and B,2010s and beyond,2013,"Bare your soul, Get happy",,Medium,Bass
John Lennon,Imagine,Pop,70s,1971,Bare your soul,,Easy,Baritone
John Travolta and Olivia Newton-John,Summer Nights (From Grease),Stage and Screen,70s,1971,Get happy,Duet,Easy,"Mezzo, Baritone"
Johnny Cash,Hurt,Rock,2000s,2003,Bare your soul,,Easy,Bass
Johnny Cash,Ring Of Fire,Country,60s and earlier,1963,Swagger,,Easy,Bass
Johnny Cash,Folsom Prison Blues,Country,60s and earlier,1956,Swagger,,Easy,Bass
Johnny Cash,Daddy Sang Bass,Pop,90s,1999,"Swagger, Get happy",,Easy,Bass
Johnny Cash,Ring Of Fire (feat. The Carter Family),Country,60s and earlier,1963,"Bare your soul, Swagger",,Easy,Bass
JoJo,Too Little Too Late,R and B,2000s,2006,"Bare your soul, Rage on",,Hard,Soprano
Joni Mitchell,Both Sides Now,Rock,60s and earlier,1969,Bare your soul,,Medium,Soprano
Journey,Don’t Stop Believin’,Pop,80s,1981,"Get happy, Swagger",,Hard,Tenor
JP Saxe,If the World Was Ending (feat. Julia Michaels),Pop,2010s and beyond,2019,Bare your soul,Duet,Medium,"Mezzo, Baritone"
Julie Andrews,My Favorite Things (from The Sound Of Music),Stage and Screen,60s and earlier,1965,Get happy,,Medium,Soprano
"Julie Andrews, Charmian Carr, Heather Menzies, Nicholas Hammond, Duane Chase, Angela Cartwright, Debbie Turner and Kym Karath",The Lonely Goatherd,Stage and Screen,60s and earlier,1965,Get happy,,Hard,Soprano
Justin Bieber,Love Yourself,Pop,2010s and beyond,2015,"Bare your soul, Rage on",,Easy,Bass
Justin Bieber,Peaches (feat. Daniel Caesar and Giveon),Pop,2010s and beyond,2021,"Swagger, Get happy",Group,Medium,Baritone
Justin Timberlake,Cry Me a River,Pop,2000s,2002,"Bare your soul, Just dance",,Medium,Tenor
Justin Timberlake,Rock Your Body,Pop,2000s,2002,"Just dance, Get happy, Swagger",,Hard,Tenor
Kai,Say You’ll Stay,R and B,2010s and beyond,2011,Bare your soul,,Easy,Baritone
Katrina and The Waves,Walking On Sunshine,Rock,80s,1985,"Get happy, Just dance",,Medium,Soprano
Katy Perry,Last Friday Night (T.G.I.F.),Pop,2010s and beyond,2010,"Just dance, Swagger",,Easy,Soprano
Katy Perry,Firework,Pop,2010s and beyond,2010,"Get happy, Just dance",,Hard,Soprano
Kelly Clarkson,Since U Been Gone,Pop,2000s,2004,"Swagger, Bare your soul, Rage on",,Hard,Soprano
Kelly Clarkson,Behind These Hazel Eyes,Rock,2000s,2004,Rage on,,Medium,Soprano
Kelly Clarkson,Stronger (What Doesn’t Kill You),Pop,2010s and beyond,2011,"Rage on, Just dance",,Hard,Soprano
Kermit,Rainbow Connection (From The Muppet Movie Soundtrack),Stage and Screen,70s,1979,"Get happy, Bare your soul",,Medium,Bass
Lady Gaga,Bad Romance,Pop,2000s,2009,"Just dance, Swagger",,Easy,Mezzo
Lady Gaga,Paparazzi,Pop,2000s,2009,Just dance,,Medium,Soprano
Lady Gaga,Poker Face,Dance,2000s,2008,"Just dance, Get happy",,Medium,Mezzo
Lady Gaga,Just Dance (feat. Colby O’Donis),Pop,2010s and beyond,2014,Just dance,,Medium,Alto
Lady Gaga and Bradley Cooper,Shallow,Pop,2010s and beyond,2018,Bare your soul,Duet,Hard,"Soprano, Tenor"
Lana Del Rey,Video Games,Pop,2010s and beyond,2011,Bare your soul,,Easy,Alto
Lana Del Rey,Summertime Sadness,Rock,2010s and beyond,2012,Bare your soul,,Easy,Alto
Lea Salonga (Children’s),Reflection (From Mulan),Stage and Screen,90s,1998,Bare your soul,,Hard,Soprano
Lea Salonga and Brad Kane (Children’s),A Whole New World (From Aladdin),Stage and Screen,90s,1992,Get happy,Duet,Medium,"Soprano, Tenor"
Led Zeppelin,Ramble On,Rock,60s and earlier,1969,Rage on,,Easy,Tenor
Lenny Kravitz,American Woman,Pop,90s,1999,Swagger,,Easy,Baritone
Lenny Kravitz,Again,Pop,2000s,2000,Swagger,,Easy,Baritone
Lenny Kravitz,Fly Away,Pop,90s,1998,Swagger,,Easy,Baritone
Les Miserables (1987 Original Broadway Cast),On My Own,Stage and Screen,80s,1987,Bare your soul,,Medium,Mezzo
Lesley Gore,It’s My Party,Pop,60s and earlier,1963,"Get happy, Just dance",,Medium,Mezzo
Lesley Gore,You Don’t Own Me,R and B,60s and earlier,1968,"Rage on, Swagger",,Hard,Mezzo
Lewis Capaldi,Someone You Loved,Pop,2010s and beyond,2018,Bare your soul,,Medium,Tenor
Lil Nas X,Old Town Road,Rap/Hip hop,2010s and beyond,2019,"Swagger, Just dance",,Easy,Bass
Lil Nas X and Jack Harlow,INDUSTRY BABY,Rap/Hip hop,2010s and beyond,2021,"Just dance, Swagger",,Easy,Bass
Limp Bizkit,Break Stuff,Pop,90s,1999,"Swagger, Rage on",,Medium,Baritone
Linkin Park,Numb,Rock,2000s,2003,"Rage on, Bare your soul",,Easy,Tenor
Lisa Loeb,Stay (I Missed You),Pop,90s,1994,Bare your soul,,Easy,Soprano
Little Eva,The Loco-Motion,R and B,60s and earlier,1963,Just dance,,Medium,Alto
Little Richard,Long Tall Sally,R and B,60s and earlier,1956,"Just dance, Swagger",,Medium,Tenor
Lizzo,Juice,R and B,2010s and beyond,2019,"Swagger, Just dance, Get happy",,Medium,Mezzo
Lizzo,Good as Hell,Pop,2010s and beyond,2016,Get happy,,Medium,Alto
Lorde,Royals,Pop,2010s and beyond,2013,"Get happy, Swagger",,Medium,Mezzo
Louis Armstrong,What A Wonderful World,Jazz,60s and earlier,1968,Get happy,,Easy,Baritone
Luther Vandross,Dance With My Father,R and B,2000s,2003,Bare your soul,,Easy,Baritone
Luther Vandross,Never Too Much,Pop,80s,1981,"Just dance, Get happy",,Medium,Baritone
Lynyrd Skynyrd,Sweet Home Alabama,Rock,70s,1974,"Get happy, Swagger",,Easy,Baritone
M.I.A.,Paper Planes,Rock,2000s,2007,Get happy,,Easy,Alto
Madonna,Like a Prayer,Pop,80s,1989,"Just dance, Swagger",,Medium,Mezzo
Madonna,Papa Don’t Preach,Pop,80s,1986,"Just dance, Bare your soul",,Easy,Mezzo
Mandy Moore,Only Hope,Pop,2000s,2002,Bare your soul,,Easy,Mezzo
Måneskin,Beggin’,Rock,2010s and beyond,2017,"Rage on, Bare your soul",,Medium,Alto
Manfred Mann,Do Wah Diddy Diddy,Pop,60s and earlier,1964,"Get happy, Just dance",,Easy,Tenor
Maria Kesselman,Tonight (from West Side Story),Stage and Screen,60s and earlier,1965,"Bare your soul, Get happy",,Hard,Soprano
Mariah Carey,Always Be My Baby,R and B,90s,1995,"Just dance, Get happy",,Hard,Soprano
Mariah Carey,We Belong Together,R and B,2000s,2005,"Just dance, Get happy",,Medium,Soprano
Mariah Carey (Holiday),All I Want for Christmas Is You,Seasonal,90s,1994,Get happy,,Hard,Soprano
Mariah Carey and Whitney Houston,When You Believe (from The Prince of Egypt),Stage and Screen,90s,1998,"Rage on, Bare your soul",Duet,Hard,Soprano
Mark Morrison,Return of the Mack,R and B,90s,1996,Swagger,,Easy,Bass
Mark Ronson,Uptown Funk (feat. Bruno Mars),R and B,2010s and beyond,2014,"Just dance, Get happy",,Medium,Tenor
Mark Ronson,Valerie (feat. Amy Winehouse),R and B,2000s,2007,"Just dance, Get happy",,Easy,Alto
Maroon 5,Payphone (feat. Wiz Khalifa),Pop,2010s and beyond,2012,"Bare your soul, Just dance",Duet,Hard,Tenor
Maroon 5,This Love,Rock,2000s,2002,Bare your soul,,Medium,Tenor
Martha Reeves and The Vandellas,Nowhere To Run,Pop,60s and earlier,1965,"Swagger, Get happy, Just dance",Group,Easy,Alto
Marvin Gaye,Let’s Get It On,R and B,70s,1973,"Get happy, Just dance",,Hard,Tenor
Marvin Gaye and Tammi Terrell,Ain’t No Mountain High Enough,R and B,60s and earlier,1967,"Just dance, Get happy",Duet,Hard,"Soprano, Tenor"
MC5,Kick Out The Jams,Rock,60s and earlier,1969,"Rage on, Swagger",,Medium,Baritone
Megan Thee Stallion,Savage,Rap/Hip hop,2010s and beyond,2020,Swagger,,Medium,Alto
Meghan Trainor,All About That Bass,Pop,2010s and beyond,2014,"Just dance, Swagger, Get happy",,Easy,Alto
Meghan Trainor,Like I’m Gonna Lose You (feat. John Legend),Pop,2010s and beyond,2015,Bare your soul,Duet,Hard,"Mezzo, Baritone"
Melissa Etheridge,I’m The Only One,Country,90s,1993,Swagger,,Medium,Mezzo
Men Without Hats,The Safety Dance,Pop,80s,1984,"Get happy, Just dance",,Easy,Bass
Meredith Brooks,Bitch,Pop,90s,1997,Swagger,,Easy,Alto
Michael Bublé,Haven’t Met You Yet,Pop,2000s,2009,Get happy,,Medium,Baritone
Michael Franti and Spearhead,The Sound Of Sunshine,Pop,2010s and beyond,2010,"Get happy, Just dance",,Easy,Bass
Michelle Branch,All You Wanted,Pop,2000s,2001,Bare your soul,,Easy,Mezzo
Missy Elliott,Lose Control,Rap/Hip hop,2000s,2005,"Just dance, Swagger",,Medium,Alto
Montell Jordan,This Is How We Do It,Pop,90s,1995,Swagger,,Medium,Baritone
Muse,Starlight,Rock,2000s,2006,Get happy,,Medium,Tenor
Nancy Sinatra,These Boots Are Made for Walkin’,Pop,60s and earlier,1967,Swagger,,Easy,Alto
Nat King Cole,Love,Jazz,60s and earlier,1965,Get happy,,Medium,Bass
Natalie Imbruglia,Torn,Pop,90s,1997,Bare your soul,,Easy,Soprano
Neil Diamond,Sweet Caroline,Rock,60s and earlier,1969,Get happy,,Easy,Baritone
New Order,Bizarre Love Triangle,Pop,80s,1986,"Just dance, Bare your soul",,Easy,Bass
Nicki Minaj,Super Bass,Rap/Hip hop,2010s and beyond,2010,"Swagger, Just dance",,Hard,Mezzo
Nicole Kidman and Ewan McGregor,Come What May (From Moulin Rouge Soundtrack),Stage and Screen,2000s,2001,"Bare your soul, Get happy",Duet,Medium,"Soprano, Tenor"
"Nicole Kidman, Ewan McGregor and Jamie Allen",Elephant Love Medley (From Moulin Rouge Soundtrack),Stage and Screen,2000s,2001,Bare your soul,Duet,Hard,"Mezzo, Baritone"
Nina Simone,Feeling Good,R and B,60s and earlier,1965,Get happy,,Hard,Mezzo
Nirvana,Smells Like Teen Spirit,Rock,90s,1991,Rage on,,Easy,Baritone
No Doubt,Don’t Speak,Pop,90s,1995,Bare your soul,,Medium,Alto
No Doubt,Just A Girl,Rock,90s,1995,Rage on,,Easy,Alto
Norah Jones,Don’t Know Why,Pop,2000s,2002,Bare your soul,,Medium,Alto
Oasis,Wonderwall,Rock,90s,1995,Bare your soul,,Easy,Baritone
Olivia Rodrigo,drivers license,Pop,2010s and beyond,2021,"Bare your soul, Rage on",,Hard,Soprano
Olivia Rodrigo,traitor,Pop,2010s and beyond,2021,"Bare your soul, Rage on",,Hard,Soprano
Olivia Rodrigo,good 4 u,Pop,2010s and beyond,2021,Rage on,,Hard,Soprano
Once (Original Cast),Falling Slowly,Stage and Screen,2000s,2007,Bare your soul,Duet,Hard,"Alto, Bass"
One Direction,Night Changes,Pop,2010s and beyond,2014,Bare your soul,Duet,Easy,Bass
Original Broadway Cast of Hamilton,You’ll Be Back,Stage and Screen,2010s and beyond,2015,Get happy,,Medium,Baritone
Otis Redding,(Sittin’ On) the Dock of the Bay,R and B,60s and earlier,1967,Bare your soul,,Easy,Bass
Outkast,Hey Ya!,Rap/Hip hop,2000s,2003,"Get happy, Just dance",Group,Medium,Bass
Owl City,Fireflies,Pop,2000s,2009,Get happy,,Medium,Tenor
P!nk,Just Give Me a Reason (feat. Nate Ruess),Pop,2010s and beyond,2012,Bare your soul,Duet,Medium,"Soprano, Tenor"
P!nk,Raise Your Glass,Pop,2010s and beyond,2010,"Get happy, Just dance",,Hard,Soprano
Paramore,Misery Business,Rock,2000s,2007,"Swagger, Rage on",,Hard,Mezzo
Passenger,Let Her Go,Pop,2010s and beyond,2012,Bare your soul,,Easy,Bass
Pat Benatar,Love Is A Battlefield,Rock,80s,1983,"Just dance, Swagger",,Medium,Soprano
Pat Benatar,Hit Me With Your Best Shot,Pop,80s,1980,"Just dance, Get happy",,Easy,Mezzo
Patsy Cline,Walkin’ After Midnight,Country,60s and earlier,1957,Bare your soul,,Easy,Mezzo
Patsy Cline,Crazy,Country,60s and earlier,1961,Bare your soul,,Easy,Mezzo
Paul McCartney,Maybe I’m Amazed,Rock,70s,1970,"Bare your soul, Get happy",,Hard,Tenor
Pearl Jam,Last Kiss,Rock,90s,1998,Bare your soul,,Easy,Baritone
Peggy Lee,Why Don’t You Do Right (Get Me Some Money Too),Stage and Screen,60s and earlier,1947,Swagger,,Easy,Alto
Peter Cetera,Glory of Love,Pop,80s,1986,Bare your soul,,Hard,Tenor
"Peter, Paul and Mary",Leaving On A Jet Plane,Folk,60s and earlier,1967,Bare your soul,,Easy,Alto
Phil Collins,Against All Odds (Take a Look at Me Now),Pop,80s,1984,Bare your soul,,Easy,Baritone
Phil Collins,You’ll Be In My Heart (Soundtrack Version),Stage and Screen,2010s and beyond,2014,Get happy,,Easy,Baritone
Phil Collins,In The Air Tonight,Pop,80s,1981,"Bare your soul, Rage on",,Medium,Baritone
Phil Collins,Sussudio,Pop,80s,1985,"Just dance, Get happy",,Medium,Tenor
Philip Bailey and Phil Collins,Easy Lover,Pop,80s,1984,Just dance,Duet,Hard,Tenor
Post Malone,Better Now,Rap/Hip hop,2010s and beyond,2018,"Bare your soul, Just dance",,Medium,Baritone
Prince,When Doves Cry,R and B,80s,1984,"Just dance, Swagger",,Medium,Baritone
Puddle Of Mudd,Blurry,Rock,2000s,2001,"Bare your soul, Rage on",,Medium,Baritone
Queen,Bohemian Rhapsody,Rock,70s,1975,"Swagger, Bare your soul, Rage on",Group,Hard,Tenor
Queen,Don’t Stop Me Now,Rock,70s,1978,"Just dance, Get happy",Group,Hard,Tenor
Queen and David Bowie,Under Pressure,Rock,80s,1982,Bare your soul,Duet,Hard,Tenor
Radiohead,Creep,Rock,90s,1993,Bare your soul,,Easy,Baritone
Ray Charles,Hit the Road Jack,R and B,60s and earlier,1962,Rage on,Group,Easy,Alto
Red Hot Chili Peppers,Under the Bridge,Rock,90s,1991,Bare your soul,,Easy,Bass
Red Hot Chili Peppers,Californication,Rock,90s,1999,"Bare your soul, Get happy",,Medium,Baritone
Original Motion Picture Cast of RENT,One Song Glory,Stage and Screen,2000s,2005,Bare your soul,,Medium,Baritone
REO Speedwagon,Can’t Fight This Feeling,Rock,80s,1984,Bare your soul,,Medium,Tenor
Rick Astley,Never Gonna Give You Up,Pop,80s,1987,"Get happy, Just dance",,Medium,Baritone
Ricky Martin,Livin’ la Vida Loca,Pop,90s,1999,Just dance,,Medium,Tenor
Right Said Fred,I’m Too Sexy,Pop,90s,1992,"Just dance, Swagger",,Easy,Bass
Rihanna,Take A Bow,Pop,2000s,2008,"Swagger, Rage on",,Medium,Mezzo
Rihanna,Umbrella (feat. JAY-Z),Pop,2000s,2007,"Just dance, Get happy",,Easy,Mezzo
Rihanna,Pon de Replay,Pop,2000s,2005,"Get happy, Just dance",,Easy,Alto
Robert Palmer,Addicted To Love,R and B,80s,1985,Swagger,,Medium,Baritone
"Rosario Dawson, Taye Diggs, Idina Menzel, Jesse L. Martin, Adam Pascal, Tracie Thoms, Anthony Rapp and Wilson Jermaine Heredia",Seasons of Love,Stage and Screen,2000s,2005,Get happy,Group,Medium,Soprano
Sade,Smooth Operator,Pop,80s,1984,Bare your soul,,Easy,Alto
Salt-N-Pepa,Shoop,Rap/Hip hop,90s,1993,"Just dance, Get happy",Duet,Hard,Mezzo
Sam Cooke,Bring It On Home To Me,R and B,60s and earlier,1958,"Bare your soul, Swagger",,Easy,Tenor
Sam Cooke,Twistin’ The Night Away,R and B,60s and earlier,1961,"Just dance, Get happy, Swagger",,Medium,Tenor
Sam Cooke,A Change Is Gonna Come,R and B,60s and earlier,1964,"Swagger, Bare your soul",,Medium,Baritone
Sam Smith,Stay With Me,Pop,2010s and beyond,2014,Bare your soul,,Hard,Tenor
Santana,Put Your Lights On (feat. Everlast),Rock,2000s,2007,Bare your soul,,Easy,Bass
Sara Bareilles,Love Song,Pop,2000s,2007,"Bare your soul, Rage on",,Medium,Alto
Sara Bareilles,She Used To Be Mine,Pop,2010s and beyond,2015,Bare your soul,,Medium,Mezzo
Sarah McLachlan,Angel,Pop,90s,1997,Bare your soul,,Medium,Mezzo
Screamin’ Jay Hawkins,I Put a Spell on You,R and B,60s and earlier,1955,Rage on,,Hard,Tenor
Seal,Kiss from a Rose,Pop,90s,1994,"Bare your soul, Get happy",,Hard,Tenor
Sean Kingston,Beautiful Girls,Pop,2000s,2007,"Get happy, Just dance",,Medium,Bass
Sean Paul,Temperature,Reggae/Ska,2000s,2005,"Swagger, Just dance",,Medium,Bass
Selena,Dreaming Of You,Latin,90s,1996,"Bare your soul, Get happy",,Easy,Soprano
Shakira,Hips Don’t Lie (feat. Wyclef Jean),Rock,2000s,2005,"Just dance, Swagger",Duet,Hard,"Mezzo, Baritone"
Shakira,Can’t Remember to Forget You (feat. Rihanna),Pop,2010s and beyond,2014,"Just dance, Rage on",Duet,Hard,Mezzo
Shakira,"Whenever, Wherever",Pop,2000s,2001,"Just dance, Get happy",,Medium,Mezzo
Shakira,Objection (From Tango),Stage and Screen,2000s,2001,Just dance,,Medium,Mezzo
Shania Twain,From This Moment On ,Country,90s,1997,Bare your soul,,Easy,Mezzo
Shawn Mendes,There’s Nothing Holdin’ Me Back,Pop,2010s and beyond,2017,"Get happy, Just dance",,Hard,Tenor
Shawn Mendes and Camila Cabello,Señorita,Pop,2010s and beyond,2019,Get happy,Duet,Medium,"Mezzo, Baritone"
Sia,Chandelier,Pop,2010s and beyond,2014,"Bare your soul, Just dance, Get happy",,Hard,Soprano
Simon and Garfunkel,Mrs. Robinson (From The Graduate Soundtrack),Stage and Screen,60s and earlier,1968,Get happy,Duet,Medium,Baritone
Simon and Garfunkel,Bridge Over Troubled Water,Pop,70s,1970,Bare your soul,Duet,Hard,Baritone
Sinéad O’Connor,Nothing Compares 2 U,Pop,80s,1989,Bare your soul,,Medium,Mezzo
Sir Mix-A-Lot,Baby Got Back,Rap/Hip hop,90s,1992,"Swagger, Just dance",,Hard,Bass
Sixpence None The Richer,Kiss Me,Pop,90s,1997,Get happy,,Easy,Mezzo
Skrillex and Rick Ross,Purple Lamborghini,Rap/Hip hop,2010s and beyond,2016,Rage on,,Hard,Bass
Smash Mouth,All Star,Rock,90s,1999,"Get happy, Swagger",,Medium,Baritone
Snoop Dogg,Drop It Like It’s Hot (feat. Pharrell Williams),Rap/Hip hop,2000s,2004,Swagger,,Easy,Bass
Soft Cell,Tainted Love,Pop,80s,1981,"Just dance, Rage on",,Easy,Baritone
Sonny and Cher,I Got You Babe,Pop,60s and earlier,1965,Get happy,Duet,Easy,"Mezzo, Baritone"
Spice Girls,Wannabe,Pop,90s,1996,"Swagger, Just dance",Group,Medium,Mezzo
Staind,It’s Been Awhile,Rock,2000s,2001,"Bare your soul, Rage on",,Medium,Bass
Starship,Nothing’s Gonna Stop Us Now,Rock,80s,1987,"Bare your soul, Get happy",,Medium,Tenor
Stevie Nicks,Edge of Seventeen,Pop,80s,1981,"Rage on, Bare your soul",,Medium,Soprano
Sting,Fields Of Gold,Pop,90s,1993,Bare your soul,,Easy,Bass
Stockard Channing,There Are Worse Things I Could Do (From Grease),Stage and Screen,70s,1978,"Bare your soul, Swagger",,Medium,Mezzo
Stone Temple Pilots,Interstate Love Song,Rock,90s,1994,Rage on,,Easy,Bass
Sublime,Santeria,Rock,90s,1992,"Swagger, Get happy",,Medium,Baritone
Sufjan Stevens,Chicago,Pop,2000s,2005,Bare your soul,,Easy,Bass
Sugar Beats (Children’s),Build Me up Buttercup,Stage and Screen,90s,1999,Get happy,,Medium,Mezzo
Sum 41,The Hell Song,Rock,2000s,2002,Rage on,,Easy,Baritone
Sum 41,Fat Lip,Rock,2000s,2001,"Rage on, Swagger",,Medium,Baritone
Suzanne Vega,Tom’s Diner,Pop,90s,1990,"Just dance, Get happy",,Medium,Alto
System Of A Down,Aerials,Rock,2000s,2008,Rage on,,Easy,Bass
System Of A Down,Toxicity,Rock,2000s,2001,Rage on,,Hard,Tenor
Take That,Back for Good,Pop,90s,1995,Bare your soul,,Medium,Baritone
Taylor Swift,Blank Space,Pop,2010s and beyond,2014,Swagger,,Easy,Mezzo
Taylor Swift,We Are Never Ever Getting Back Together,Pop,2010s and beyond,2021,"Rage on, Bare your soul",,Medium,Mezzo
Taylor Swift,Style,Pop,2010s and beyond,2014,"Get happy, Just dance",,Easy,Mezzo
Taylor Swift,willow,Pop,2010s and beyond,2020,Bare your soul,,Medium,Mezzo
Taylor Swift,Love Story,Pop,2000s,2008,"Bare your soul, Get happy",,Easy,Mezzo
Taylor Swift,You Belong With Me,Pop,2000s,2008,Bare your soul,,Medium,Mezzo
Tennessee Ernie Ford,Sixteen Tons,Pop,60s and earlier,1955,Swagger,,Medium,Bass
The All-American Rejects,Gives You Hell,Rock,2000s,2008,"Rage on, Swagger",,Medium,Baritone
The Alley Cats (R and B),Unchained Melody,Pop,60s and earlier,1962,Bare your soul,,Hard,Tenor
The B-52’s,Love Shack,Rock,80s,1989,"Just dance, Get happy",Duet,Medium,"Mezzo, Baritone"
The Band,The Weight,Pop,60s and earlier,1968,"Get happy, Bare your soul",Group,Easy,Baritone
The Bangles,Eternal Flame,Pop,80s,1989,Bare your soul,,Medium,Mezzo
The Beach Boys,Good Vibrations,Pop,60s and earlier,1966,Get happy,,Hard,Tenor
The Beach Boys,Surfer Girl,Pop,60s and earlier,1963,"Get happy, Bare your soul",,Hard,Tenor
The Beach Boys,California Girls,Pop,60s and earlier,1965,Get happy,,Hard,Baritone
The Beach Boys,Wouldn’t It Be Nice,Pop,60s and earlier,1966,Get happy,,Hard,Baritone
The Beatles,Come Together,Rock,60s and earlier,1969,Swagger,,Medium,Baritone
The Beatles,Hey Jude,Rock,60s and earlier,1969,Bare your soul,,Easy,Baritone
The Beatles,Let It Be,Pop,60s and earlier,1969,Bare your soul,,Medium,Baritone
The Beatles,All My Loving,Rock,60s and earlier,1964,Get happy,Group,Medium,Baritone
The Beatles,Twist And Shout,Pop,60s and earlier,"Get happy, Just dance","Get happy, Just dance",Group,Easy,Tenor
The Beatles,Helter Skelter,Pop,60s and earlier,1968,Rage on,,Hard,Baritone
The Cardigans,Lovefool,Pop,90s,1996,"Just dance, Bare your soul",,Medium,Mezzo
The Chainsmokers,Closer (feat. Halsey),Dance,2010s and beyond,2016,Get happy,Duet,Medium,Baritone
The Chainsmokers,Paris,Dance,2010s and beyond,2017,"Just dance, Get happy",,Easy,Bass
The Chainsmokers and Coldplay,Something Just Like This,Dance,2010s and beyond,2017,"Bare your soul, Just dance",,Medium,Baritone
The Cranberries,Dreams,Rock,90s,1993,Bare your soul,,Hard,Soprano
The Cranberries,Zombie,Pop,90s,1994,Rage on,,Easy,Mezzo
The Cure,Just like Heaven,Rock,80s,1987,"Just dance, Get happy",,Medium,Baritone
The Cure,Friday I’m in Love,Pop,90s,1992,Get happy,,Easy,Bass
The Doors,Love Me Two Times,Rock,60s and earlier,1967,Swagger,,Easy,Tenor
The Goo Goo Dolls,Slide,Pop,90s,1998,Get happy,,Medium,Baritone
The Guess Who,These Eyes,Rock,70s,1970,Bare your soul,,Medium,Baritone
The Human League,Don’t You Want Me,Pop,80s,1981,"Get happy, Just dance",Duet,Easy,Bass
The Killers,Mr. Brightside,Rock,2000s,2004,"Bare your soul, Just dance",,Medium,Baritone
The Knack,My Sharona,Rock,70s,1979,"Just dance, Swagger",,Easy,Bass
The Mamas and The Papas,Dream A Little Dream Of Me,Pop,60s and earlier,1968,Get happy,,Medium,Mezzo
The Mamas and The Papas,California Dreamin’,Pop,60s and earlier,1966,Bare your soul,Group,Medium,Baritone
The Monkees,Daydream Believer,Pop,60s and earlier,1967,Get happy,,Hard,Baritone
The Pretenders,I’ll Stand by You,Rock,90s,1994,"Bare your soul, Get happy",,Medium,Mezzo
The Proclaimers,I’m Gonna Be (500 Miles),Pop,2000s,2002,Get happy,,Medium,Baritone
The Righteous Brothers,(You’re My) Soul And Inspiration,Pop,60s and earlier,1966,Bare your soul,Duet,Medium,Baritone
The Rolling Stones,(I Can’t Get No) Satisfaction,Rock,60s and earlier,1965,"Swagger, Get happy",,Easy,Tenor
The Rolling Stones,"Paint It, Black",Pop,60s and earlier,1966,Rage on,,Easy,Bass
The Rolling Stones,When The Whip Comes Down,Rock,70s,1978,"Swagger, Just dance",,Easy,Baritone
The Ronettes,Be My Baby,Pop,60s and earlier,1963,Get happy,,Medium,Mezzo
The Smashing Pumpkins,Bullet With Butterfly Wings,Pop,90s,1995,Rage on,,Medium,Baritone
The Supremes,You Keep Me Hangin’ On,Pop,60s and earlier,1966,"Rage on, Get happy",Group,Easy,Soprano
The Supremes,You Can’t Hurry Love,R and B,60s and earlier,1966,Get happy,Group,Medium,Mezzo
The Verve,Bitter Sweet Symphony,Rock,90s,1997,Bare your soul,,Easy,Baritone
The Weather Girls,It’s Raining Men,R and B,80s,1982,"Just dance, Swagger",Duet,Hard,Soprano
The Weeknd,Can’t Feel My Face,R and B,2010s and beyond,2015,"Just dance, Bare your soul",,Medium,Tenor
The Weeknd,Blinding Lights,R and B,2010s and beyond,2019,Just dance,Duet,Hard,Tenor
The Weeknd,Call Out My Name,R and B,2010s and beyond,2018,Swagger,,Easy,Tenor
The Who,My Generation,Rock,60s and earlier,1965,"Rage on, Swagger, Just dance",,Easy,Baritone
The Who,Behind Blue Eyes,Pop,70s,1971,Bare your soul,,Easy,Baritone
The xx,Crystalised,Rock,2000s,2009,Bare your soul,Duet,Medium,"Alto, Bass"
Third Eye Blind,Semi-Charmed Life,Rock,90s,1997,"Just dance, Get happy",,Medium,Baritone
Three Dog Night,One,Rock,60s and earlier,1969,Bare your soul,,Medium,Baritone
Tina Turner,Proud Mary,R and B,90s,1993,Swagger,,Hard,Soprano
Tina Turner,What’s Love Got To Do With It,Pop,80s,1984,Bare your soul,,Hard,Mezzo
TLC,Waterfalls,R and B,90s,1994,"Bare your soul, Swagger",Group,Easy,Alto
TLC,No Scrubs,R and B,90s,1999,"Swagger, Just dance",Group,Medium,Mezzo
Tom Jones,It’s Not Unusual,Pop,60s and earlier,1967,Get happy,,Medium,Tenor
Toni Braxton,Un-Break My Heart,R and B,90s,1996,Bare your soul,,Medium,Alto
Toto,Africa,Pop,80s,1982,Just dance,,Hard,Tenor
Tracy Chapman,Fast Car,Folk,80s,1988,Bare your soul,,Easy,Alto
Tracy Chapman,Give Me One Reason,Rock,90s,1995,"Rage on, Swagger",,Medium,Alto
Vanessa Carlton,A Thousand Miles,Pop,2000s,2002,Bare your soul,,Easy,Alto
Weezer,Say It Ain’t So,Rock,90s,1994,"Bare your soul, Rage on",,Medium,Bass
Wham!,Wake Me Up Before You Go-Go,Pop,80s,1984,"Get happy, Just dance",,Medium,Baritone
When In Rome,The Promise,Rock,80s,1988,"Just dance, Get happy",,Medium,Baritone
Whitney Houston,How Will I Know,R and B,80s,1985,"Get happy, Just dance",,Hard,Soprano
Whitney Houston,I Wanna Dance with Somebody (Who Loves Me),R and B,80s,1987,"Just dance, Get happy",,Medium,Soprano
Whitney Houston,I Have Nothing,Pop,90s,1993,Bare your soul,,Hard,Soprano
Wilson Phillips,Hold On,Pop,90s,1990,Get happy,,Medium,Mezzo
Wilson Pickett,Mustang Sally,R and B,60s and earlier,1966,"Just dance, Get happy, Swagger",,Easy,Tenor
Zac Efron and Vanessa Anne Hudgens,Start of Something New,Pop,2000s,2006,"Bare your soul, Get happy",Duet,Medium,"Mezzo, Baritone"
Sting,If I Ever Lose My Faith in You,Pop,90s,1993,"Just dance, Bare your soul",,Hard,Tenor
Madonna,Vogue,Pop,90s,1990,Just dance,,Medium,Alto
Janet Jackson,Together Again,Pop,90s,1997,Just dance,,Easy,Alto
Metallica,Here Comes Revenge,Rock,2010s and beyond,2016,Rage on,,Medium,Baritone
The Runaways,Cherry Bomb,Rock,70s,1976,Rage on,,Medium,Soprano
Heart,Barracuda,Rock,70s,1977,"Rage on, Swagger",,Medium,Soprano
Patti Smith,Because the Night,Rock,70s,1975,"Bare your soul, Swagger",,Easy,Alto
ABBA,"Money, Money, Money",Pop,70s,1977,Just dance,,Medium,Alto
Elton John,Goodbye Yellow Brick Road,Pop,70s,1973,Bare your soul,,Hard,Tenor
Foreigner,Hot-Blooded,Rock,80s,1982,Swagger,,Medium,Tenor
Van Halen,Panama,Rock,80s,1984,Swagger,,Hard,Tenor
The Go-Go’s,Vacation,Rock,80s,1982,"Get happy, Just dance",,Easy,Alto
Cher,I Found Someone,Pop,80s,1987,"Bare your soul, Rage on",,Medium,Mezzo
Survivor,Eye of the Tiger,Rock,80s,1982,Swagger,,Medium,Tenor
Papa roach,Burn,Rock,2010s and beyond,2010,Rage on,,Medium,Baritone
Aretha Franklin,Rock Steady,R and B,70s,1972,"Rage on, Swagger",,Hard,Soprano
Suzi Quatro,Wild One,Rock,70s,1974,"Rage on, Swagger",,Medium,Soprano
Sex Pistols,God Save the Queen,Rock,70s,1977,Rage on,,Easy,Bass
Phil Collins,I Don’t Care Anymore,Rock,80s,1982,Rage on,,Medium,Baritone
Linda Ronstadt,You’re No Good,Pop,70s,1974,Rage on,,Medium,Soprano
Linda Ronstadt,When Will I Be Loved,Pop,70s,1974,Get happy,,Easy,Alto
James Taylor,Angry Blues,Folk,70s,1975,Rage on,,Medium,Bass
The Clash,London Calling,Rock,70s,1979,Rage on,,Easy,Bass
Technotronic,Pump up the Jam,Dance,80s,1989,Just dance,,Medium,Alto
The Bangles,Walk Like an Egyptian,Pop,80s,1985,Just dance,,Medium,Alto
Hank Williams Jr,A Country Boy Can Survive,Country,80s,1981,Swagger,,Easy,Bass
Hall and Oats,Maneater,Pop,80s,1982,Swagger,,Medium,Tenor
Lionel Richie,All Night Long,Pop,80s,1983,Swagger,,Easy,Tenor
Michael Jackson,Beat It,Pop,80s,1982,Swagger,,Easy,Tenor
The Smiths,There Is a Light That Never Goes Out,Rock,80s,1986,Bare your soul,,Easy,Bass
Sister Sledge,We Are Family,R and B,70s,1979,Get happy,,Medium,Alto
Bananarama,Venus,Pop,80s,1986,Get happy,,Medium,Alto
Sex Pistols,My Way,Rock,70s,1978,Rage on,,Easy,Bass
The Greg Kihn Band,The Breakup Song,Rock,80s,1981,Rage on,,Easy,Bass
Bon Jovi,Wanted Dead Or Alive,Rock,80s,1986,Rage on,,Medium,Tenor
Sammy Hagar,I Can’t Drive 55,Rock,80s,1984,Rage on,,Medium,Tenor
Bruce Springsteen,Born In The U.S.A,Rock,80s,1984,Rage on,,Medium,Tenor
Donna Summer,She Works Hard for the Money,Pop,80s,1983,Rage on,,Medium,Alto
The Pretenders,My City Was Gone,Rock,80s,1984,Rage on,,Easy,Alto
Pat Benatar,Heartbreaker,Rock,70s,1979,Rage on,,Hard,Mezzo
Roxette,It Must Have Been Love,Pop,80s,1987,Bare your soul,,Medium,Mezzo
The Foundations,Build Me Up Buttercup,Pop,60s and earlier,1968,Get happy,,Medium,Tenor
